run_id,status,high_pain_oversample_factor,high_pain_loss_weight,elapsed_sec,output_dir,log_file,n_targets,mean_auc,mean_accuracy,mean_precision,mean_recall,mean_specificity,mean_fpr,mean_f1,mean_log_loss,mean_brier,n_pain_targets,pain_mean_auc,pain_mean_accuracy,pain_mean_precision,pain_mean_recall,pain_mean_specificity,pain_mean_fpr,pain_mean_f1,pain_mean_log_loss,pain_mean_brier
1,ok,2.5,2.0,11.428556442260742,/home/maolab-data/disk1/jlli/pain_prediction/baseline/tuning_records/logreg_high_pain_grid/runs/os_2.5_lw_2.0,/home/maolab-data/disk1/jlli/pain_prediction/baseline/tuning_records/logreg_high_pain_grid/runs/os_2.5_lw_2.0/train.log,5,0.7600216261285475,0.8671641791044775,0.28964038578447915,0.39075630252100846,0.8062028320530613,0.19379716794693863,0.3075214315479976,0.48205354656484845,0.1639451998572516,2,0.7047787914786723,0.7817164179104479,0.19226457399103136,0.40126050420168063,0.7924102381798792,0.20758976182012084,0.22487366647950585,0.7577629711616161,0.2745708091789607
2,ok,2.5,2.5,11.69473385810852,/home/maolab-data/disk1/jlli/pain_prediction/baseline/tuning_records/logreg_high_pain_grid/runs/os_2.5_lw_2.5,/home/maolab-data/disk1/jlli/pain_prediction/baseline/tuning_records/logreg_high_pain_grid/runs/os_2.5_lw_2.5/train.log,5,0.7632472329964873,0.917910447761194,0.31613591673228425,0.29411764705882354,0.8712113243704765,0.12878867562952348,0.29357196495619525,0.523060031783939,0.1787521578617469,2,0.7128428086485217,0.9085820895522387,0.2585034013605442,0.15966386554621845,0.9549314689734172,0.0450685310265829,0.19,0.8602791842093425,0.31158820419019895
3,ok,2.5,3.0,11.556460618972778,/home/maolab-data/disk1/jlli/pain_prediction/baseline/tuning_records/logreg_high_pain_grid/runs/os_2.5_lw_3.0,/home/maolab-data/disk1/jlli/pain_prediction/baseline/tuning_records/logreg_high_pain_grid/runs/os_2.5_lw_3.0/train.log,5,0.7626725236720655,0.9238805970149253,0.3276770849236988,0.28627450980392155,0.8786340047828476,0.12136599521715233,0.2925719649561952,0.5558738433297447,0.19056455312783202,2,0.7114060353374672,0.9235074626865671,0.28735632183908044,0.14005602240896353,0.973488170004345,0.02651182999565505,0.1875,0.9423137130738566,0.34111919235541177
4,ok,2.5,3.5,12.15662145614624,/home/maolab-data/disk1/jlli/pain_prediction/baseline/tuning_records/logreg_high_pain_grid/runs/os_2.5_lw_3.5,/home/maolab-data/disk1/jlli/pain_prediction/baseline/tuning_records/logreg_high_pain_grid/runs/os_2.5_lw_3.5/train.log,5,0.7618863412052407,0.912686567164179,0.2859787033452572,0.3266106442577031,0.8646394556656535,0.1353605443343463,0.29965015965574915,0.5808270377275215,0.1995798326058697,2,0.709440579170405,0.8955223880597014,0.18311036789297655,0.24089635854341734,0.9385017972113598,0.06149820278864,0.2051954867488848,1.0046966990682988,0.363657391050506
5,ok,2.5,4.0,12.899624109268188,/home/maolab-data/disk1/jlli/pain_prediction/baseline/tuning_records/logreg_high_pain_grid/runs/os_2.5_lw_4.0,/home/maolab-data/disk1/jlli/pain_prediction/baseline/tuning_records/logreg_high_pain_grid/runs/os_2.5_lw_4.0/train.log,5,0.7606262120795295,0.9138059701492537,0.2821223112901074,0.3123249299719888,0.8662597108301675,0.13374028916983233,0.29185767924190953,0.6087897409836752,0.2082786024693902,2,0.706290256356127,0.898320895522388,0.173469387755102,0.2051820728291316,0.9425524351226449,0.0574475648773551,0.18571428571428572,1.0746034572086829,0.3854043157093072
6,ok,2.5,4.5,12.841477632522583,/home/maolab-data/disk1/jlli/pain_prediction/baseline/tuning_records/logreg_high_pain_grid/runs/os_2.5_lw_4.5,/home/maolab-data/disk1/jlli/pain_prediction/baseline/tuning_records/logreg_high_pain_grid/runs/os_2.5_lw_4.5/train.log,5,0.7601709229606824,0.9134328358208954,0.28130598475949514,0.3123249299719888,0.8658473396961469,0.13415266030385298,0.29146163963794913,0.6328472396075622,0.21586762223743688,2,0.7051520335590096,0.8973880597014925,0.1714285714285714,0.2051820728291316,0.9415215072875933,0.05847849271240665,0.1847241867043847,1.1347472037684003,0.40437686512942395
7,ok,2.5,5.0,13.34648585319519,/home/maolab-data/disk1/jlli/pain_prediction/baseline/tuning_records/logreg_high_pain_grid/runs/os_2.5_lw_5.0,/home/maolab-data/disk1/jlli/pain_prediction/baseline/tuning_records/logreg_high_pain_grid/runs/os_2.5_lw_5.0/train.log,5,0.7597728545023477,0.8611940298507463,0.264163127616638,0.41232492997198883,0.8095255006156872,0.19047449938431277,0.278339946516256,0.6551359384724369,0.22282611261825563,2,0.7041568624131724,0.7667910447761194,0.12857142857142856,0.45518207282913165,0.8007169095864439,0.1992830904135561,0.1519199539001519,1.1904689509305872,0.4217730910814708
8,ok,2.5,5.5,12.932096719741821,/home/maolab-data/disk1/jlli/pain_prediction/baseline/tuning_records/logreg_high_pain_grid/runs/os_2.5_lw_5.5,/home/maolab-data/disk1/jlli/pain_prediction/baseline/tuning_records/logreg_high_pain_grid/runs/os_2.5_lw_5.5/train.log,5,0.7592423045646335,0.8604477611940299,0.26262466607817647,0.41232492997198883,0.808700758347646,0.19129924165235399,0.27757093757652707,0.6756234817491884,0.22881808977891835,2,0.702830487568887,0.7649253731343284,0.1247252747252747,0.45518207282913165,0.7986550539163407,0.20134494608365922,0.1499974315508296,1.241687809122466,0.4367530339831277
9,ok,2.5,6.0,13.100394487380981,/home/maolab-data/disk1/jlli/pain_prediction/baseline/tuning_records/logreg_high_pain_grid/runs/os_2.5_lw_6.0,/home/maolab-data/disk1/jlli/pain_prediction/baseline/tuning_records/logreg_high_pain_grid/runs/os_2.5_lw_6.0/train.log,5,0.7587876361467271,0.9130597014925372,0.28052167103400494,0.3123249299719888,0.8654349685621263,0.1345650314378736,0.2910733655164193,0.6947086142434251,0.23422352957527845,2,0.7016938165241211,0.896455223880597,0.1694677871148459,0.2051820728291316,0.9404905794525418,0.0595094205474582,0.18375350140056018,1.2894006403580578,0.45026663347402796
10,ok,2.5,6.5,12.985366821289062,/home/maolab-data/disk1/jlli/pain_prediction/baseline/tuning_records/logreg_high_pain_grid/runs/os_2.5_lw_6.5,/home/maolab-data/disk1/jlli/pain_prediction/baseline/tuning_records/logreg_high_pain_grid/runs/os_2.5_lw_6.5/train.log,5,0.7586408486724057,0.8552238805970148,0.2634085757959097,0.42661064425770306,0.8029828612824328,0.19701713871756704,0.2781468745316759,0.7125744033760915,0.23913534307875434,2,0.7013268478383177,0.7518656716417911,0.1266850490196078,0.49089635854341734,0.784360311253308,0.2156396887466919,0.15143727393870166,1.3340651131897237,0.46254616723271763
11,ok,2.5,7.0,13.446162223815918,/home/maolab-data/disk1/jlli/pain_prediction/baseline/tuning_records/logreg_high_pain_grid/runs/os_2.5_lw_7.0,/home/maolab-data/disk1/jlli/pain_prediction/baseline/tuning_records/logreg_high_pain_grid/runs/os_2.5_lw_7.0/train.log,5,0.7583696654272153,0.8533582089552239,0.25990717523568563,0.42661064425770306,0.8009210056123297,0.19907899438767013,0.27631436582725954,0.7293683743331358,0.24362682412736572,2,0.7006488897253416,0.7472014925373134,0.11793154761904755,0.49089635854341734,0.7792056720780502,0.2207943279219496,0.14685600217766076,1.3760500405823346,0.4737748698542461
12,ok,2.5,7.5,12.871777534484863,/home/maolab-data/disk1/jlli/pain_prediction/baseline/tuning_records/logreg_high_pain_grid/runs/os_2.5_lw_7.5,/home/maolab-data/disk1/jlli/pain_prediction/baseline/tuning_records/logreg_high_pain_grid/runs/os_2.5_lw_7.5/train.log,5,0.7582676613597985,0.851865671641791,0.26019909368912836,0.43053221288515414,0.7988883793137951,0.20111162068620478,0.2781137178892525,0.745214364175667,0.24775741777528276,2,0.7003938795567997,0.7434701492537313,0.11866134375265434,0.5007002801120448,0.7741241063317139,0.22587589366828612,0.15135438233264314,1.4156650151886625,0.4841013539740387
13,ok,2.5,8.0,12.970759153366089,/home/maolab-data/disk1/jlli/pain_prediction/baseline/tuning_records/logreg_high_pain_grid/runs/os_2.5_lw_8.0,/home/maolab-data/disk1/jlli/pain_prediction/baseline/tuning_records/logreg_high_pain_grid/runs/os_2.5_lw_8.0/train.log,5,0.7580530780741794,0.8514925373134329,0.25872386100090083,0.42016806722689076,0.7983298613219321,0.20167013867806793,0.27780859692241455,0.7602200287516877,0.2515762806743792,2,0.699857421342752,0.7425373134328358,0.11497326203208555,0.47478991596638653,0.7727278113520559,0.22727218864794407,0.1505915799155483,1.453179176628714,0.4936485112217798
14,ok,2.5,8.5,13.024897813796997,/home/maolab-data/disk1/jlli/pain_prediction/baseline/tuning_records/logreg_high_pain_grid/runs/os_2.5_lw_8.5,/home/maolab-data/disk1/jlli/pain_prediction/baseline/tuning_records/logreg_high_pain_grid/runs/os_2.5_lw_8.5/train.log,5,0.7578758131878955,0.8414179104477612,0.2565728899346572,0.44369747899159667,0.7846631551561145,0.2153368448438854,0.28267246746875807,0.7744781321967517,0.25512394320726856,2,0.6994142591270422,0.7173507462686567,0.10959583436647655,0.5336134453781513,0.7385610459375123,0.2614389540624876,0.16275125628140702,1.488824435241374,0.5025176675540031
15,ok,2.5,9.0,13.003452777862549,/home/maolab-data/disk1/jlli/pain_prediction/baseline/tuning_records/logreg_high_pain_grid/runs/os_2.5_lw_9.0,/home/maolab-data/disk1/jlli/pain_prediction/baseline/tuning_records/logreg_high_pain_grid/runs/os_2.5_lw_9.0/train.log,5,0.7566828492147721,0.8373134328358208,0.2564804261021608,0.44369747899159667,0.7805070545122783,0.21949294548772152,0.2820095097376617,0.7909706266820287,0.25922844906286874,2,0.6964318491942338,0.7070895522388059,0.1093646747852355,0.5336134453781513,0.7281707943279219,0.27182920567207797,0.1610938619536661,1.5300556714545666,0.5127789321930035
16,ok,2.5,9.5,13.113201141357422,/home/maolab-data/disk1/jlli/pain_prediction/baseline/tuning_records/logreg_high_pain_grid/runs/os_2.5_lw_9.5,/home/maolab-data/disk1/jlli/pain_prediction/baseline/tuning_records/logreg_high_pain_grid/runs/os_2.5_lw_9.5/train.log,5,0.756500608763194,0.8369402985074628,0.25566591054799237,0.44369747899159667,0.7800362246351208,0.21996377536487918,0.2813400808982242,0.8040089677752634,0.26230965136863704,2,0.6959762480652885,0.7061567164179104,0.10732838589981446,0.5336134453781513,0.7269937196350278,0.27300628036497215,0.15942028985507245,1.5626515241876535,0.5204819379574243
17,ok,2.5,10.0,13.363224506378174,/home/maolab-data/disk1/jlli/pain_prediction/baseline/tuning_records/logreg_high_pain_grid/runs/os_2.5_lw_10.0,/home/maolab-data/disk1/jlli/pain_prediction/baseline/tuning_records/logreg_high_pain_grid/runs/os_2.5_lw_10.0/train.log,5,0.7563718581279713,0.8376865671641791,0.256271971154053,0.44369747899159667,0.780860966903162,0.21913903309683797,0.2819026028717388,0.8164914662232192,0.2652026548360094,2,0.6956543714772316,0.7080223880597015,0.10884353741496595,0.5336134453781513,0.7290555753051309,0.270944424694869,0.1608265947888589,1.5938577703075432,0.5277144466258552
18,ok,3.0,2.0,12.445568084716797,/home/maolab-data/disk1/jlli/pain_prediction/baseline/tuning_records/logreg_high_pain_grid/runs/os_3.0_lw_2.0,/home/maolab-data/disk1/jlli/pain_prediction/baseline/tuning_records/logreg_high_pain_grid/runs/os_3.0_lw_2.0/train.log,5,0.7594257698218111,0.9190298507462685,0.3210678895214,0.2980392156862745,0.8720360666385177,0.1279639333614822,0.29797600536023566,0.4941510338480337,0.168152958423132,2,0.7032891507118311,0.9113805970149254,0.2708333333333333,0.1694677871148459,0.9569933246435203,0.0430066753564798,0.201010101010101,0.7880066893695792,0.2850902055936617
19,ok,3.0,2.5,12.93564748764038,/home/maolab-data/disk1/jlli/pain_prediction/baseline/tuning_records/logreg_high_pain_grid/runs/os_3.0_lw_2.5,/home/maolab-data/disk1/jlli/pain_prediction/baseline/tuning_records/logreg_high_pain_grid/runs/os_3.0_lw_2.5/train.log,5,0.7591894188529368,0.8701492537313433,0.2632530032582378,0.4019607843137255,0.8185162973135582,0.18148370268644173,0.28086887373899194,0.532703271092691,0.1826265647547932,2,0.7026982732896453,0.789179104477612,0.126296117675428,0.4292717086834734,0.8231939013311215,0.1768060986688786,0.1582422719569917,0.8843872824812224,0.3212742214228147
20,ok,3.0,3.0,12.335331678390503,/home/maolab-data/disk1/jlli/pain_prediction/baseline/tuning_records/logreg_high_pain_grid/runs/os_3.0_lw_3.0,/home/maolab-data/disk1/jlli/pain_prediction/baseline/tuning_records/logreg_high_pain_grid/runs/os_3.0_lw_3.0/train.log,5,0.7588423540879384,0.8731343283582088,0.2685478674280556,0.4019607843137255,0.8217860370141545,0.1782139629858453,0.2837861429350791,0.5664748410501866,0.1946574769790193,2,0.7018306113771495,0.7966417910447761,0.13953327809997235,0.4292717086834734,0.8313682505826124,0.1686317494173875,0.1655354449472096,0.9688162073749615,0.35135150198338
21,ok,3.0,3.5,12.487310409545898,/home/maolab-data/disk1/jlli/pain_prediction/baseline/tuning_records/logreg_high_pain_grid/runs/os_3.0_lw_3.5,/home/maolab-data/disk1/jlli/pain_prediction/baseline/tuning_records/logreg_high_pain_grid/runs/os_3.0_lw_3.5/train.log,5,0.7583596977003448,0.8723880597014924,0.2653219687754792,0.39803921568627454,0.8214028952517024,0.17859710474829743,0.28010586165796736,0.5965709276044558,0.20486268461113838,2,0.7006239704081656,0.794776119402985,0.13146853146853146,0.41946778711484595,0.8304103961764822,0.1695896038235178,0.15633474175443018,1.0440564237606345,0.3768645210636776
22,ok,3.0,4.0,12.267776727676392,/home/maolab-data/disk1/jlli/pain_prediction/baseline/tuning_records/logreg_high_pain_grid/runs/os_3.0_lw_4.0,/home/maolab-data/disk1/jlli/pain_prediction/baseline/tuning_records/logreg_high_pain_grid/runs/os_3.0_lw_4.0/train.log,5,0.7579236901417342,0.8723880597014924,0.26462629880060456,0.39803921568627454,0.8213736658801339,0.17862633411986592,0.2798645743076281,0.6237449885604552,0.21366573628040192,2,0.6995339515116391,0.794776119402985,0.1297293565313449,0.41946778711484595,0.8303373227475609,0.16966267725243905,0.15573152337858215,1.111991576150633,0.3988721502368366
23,ok,3.0,4.5,12.431043148040771,/home/maolab-data/disk1/jlli/pain_prediction/baseline/tuning_records/logreg_high_pain_grid/runs/os_3.0_lw_4.5,/home/maolab-data/disk1/jlli/pain_prediction/baseline/tuning_records/logreg_high_pain_grid/runs/os_3.0_lw_4.5/train.log,5,0.7576382009016017,0.8720149253731343,0.2652345561880666,0.39803921568627454,0.8210197534892505,0.17898024651074954,0.27996073547881706,0.648533374808121,0.22136568116602282,2,0.6988202284113076,0.7938432835820896,0.13125,0.41946778711484595,0.829452541770352,0.17054745822964804,0.15597192630655465,1.1739625417697974,0.41812201245088887
24,ok,3.0,5.0,12.132050514221191,/home/maolab-data/disk1/jlli/pain_prediction/baseline/tuning_records/logreg_high_pain_grid/runs/os_3.0_lw_5.0,/home/maolab-data/disk1/jlli/pain_prediction/baseline/tuning_records/logreg_high_pain_grid/runs/os_3.0_lw_5.0/train.log,5,0.7574006052115897,0.8697761194029849,0.26210036034839124,0.39803921568627454,0.8186039854282636,0.1813960145717362,0.27816720305143333,0.6713306500485727,0.22817945648236654,2,0.6982262391862777,0.7882462686567164,0.1234145104008117,0.41946778711484595,0.8234131216178853,0.17658687838211473,0.15148809523809514,1.2309557298709266,0.4351564507417481
25,ok,3.0,5.5,12.189878463745117,/home/maolab-data/disk1/jlli/pain_prediction/baseline/tuning_records/logreg_high_pain_grid/runs/os_3.0_lw_5.5,/home/maolab-data/disk1/jlli/pain_prediction/baseline/tuning_records/logreg_high_pain_grid/runs/os_3.0_lw_5.5/train.log,5,0.7572631481669162,0.8708955223880597,0.2642790095858641,0.39803921568627454,0.8198410988303255,0.18015890116967437,0.27928765123070504,0.6924398986111877,0.2342698868802502,2,0.6978825965745938,0.7910447761194029,0.12886113349449363,0.41946778711484595,0.8265059051230399,0.17349409487696013,0.15428921568627446,1.283728851277464,0.45038252673645723
26,ok,3.0,6.0,12.295328855514526,/home/maolab-data/disk1/jlli/pain_prediction/baseline/tuning_records/logreg_high_pain_grid/runs/os_3.0_lw_6.0,/home/maolab-data/disk1/jlli/pain_prediction/baseline/tuning_records/logreg_high_pain_grid/runs/os_3.0_lw_6.0/train.log,5,0.7570292833210608,0.8686567164179104,0.260693739861536,0.39803921568627454,0.8173961013977703,0.18260389860222953,0.27731539097349367,0.71210612731229,0.23976294339807497,2,0.6972979344599552,0.7854477611940298,0.1198979591836734,0.41946778711484595,0.8203934115416518,0.1796065884583481,0.14935856504324602,1.3328944230302198,0.46411516803101927
27,ok,3.0,6.5,12.60568380355835,/home/maolab-data/disk1/jlli/pain_prediction/baseline/tuning_records/logreg_high_pain_grid/runs/os_3.0_lw_6.5,/home/maolab-data/disk1/jlli/pain_prediction/baseline/tuning_records/logreg_high_pain_grid/runs/os_3.0_lw_6.5/train.log,5,0.762822441205141,0.9171641791044776,0.35133104741613674,0.3162464985994398,0.8691202393288048,0.13087976067119506,0.318312705696936,0.6957779699473454,0.23952660817011145,2,0.711780829170156,0.9067164179104478,0.3464912280701754,0.21498599439775906,0.9497037563692381,0.0502962436307619,0.2518518518518518,1.2920740296178583,0.4635243299611104
28,ok,3.0,7.0,12.91103458404541,/home/maolab-data/disk1/jlli/pain_prediction/baseline/tuning_records/logreg_high_pain_grid/runs/os_3.0_lw_7.0,/home/maolab-data/disk1/jlli/pain_prediction/baseline/tuning_records/logreg_high_pain_grid/runs/os_3.0_lw_7.0/train.log,5,0.7608146794560523,0.916044776119403,0.3210678895214,0.30840336134453783,0.8687663269379213,0.13123367306207864,0.30640313378736406,0.7197368458812902,0.24695970764166172,2,0.7067614247974341,0.9039179104477612,0.2708333333333333,0.19537815126050415,0.9488189753920291,0.051181024607970846,0.22207792207792204,1.3519712194527203,0.4821070786399861
29,ok,3.0,7.5,12.69593334197998,/home/maolab-data/disk1/jlli/pain_prediction/baseline/tuning_records/logreg_high_pain_grid/runs/os_3.0_lw_7.5,/home/maolab-data/disk1/jlli/pain_prediction/baseline/tuning_records/logreg_high_pain_grid/runs/os_3.0_lw_7.5/train.log,5,0.7606772224113787,0.901865671641791,0.3320771604864231,0.3476190476190476,0.848943283133363,0.15105671686663685,0.32105628551368653,0.7312481690638387,0.249981081633395,2,0.7064177821857502,0.8684701492537314,0.29835651074589126,0.29341736694677867,0.8992613658806337,0.1007386341193664,0.2587108013937282,1.3807495274090917,0.48966051361931917
30,ok,3.0,8.0,13.150269746780396,/home/maolab-data/disk1/jlli/pain_prediction/baseline/tuning_records/logreg_high_pain_grid/runs/os_3.0_lw_8.0,/home/maolab-data/disk1/jlli/pain_prediction/baseline/tuning_records/logreg_high_pain_grid/runs/os_3.0_lw_8.0/train.log,5,0.7606915284063208,0.901865671641791,0.321663127616638,0.3476190476190476,0.8489725125049314,0.15102748749506836,0.3187431863728154,0.7420201999829824,0.25272748626348496,2,0.7064535471731055,0.8684701492537312,0.27232142857142855,0.29341736694677867,0.8993344393095548,0.1006655606904451,0.2529280535415504,1.4076796047069509,0.4965265251945441
31,ok,3.0,8.5,13.898409605026245,/home/maolab-data/disk1/jlli/pain_prediction/baseline/tuning_records/logreg_high_pain_grid/runs/os_3.0_lw_8.5,/home/maolab-data/disk1/jlli/pain_prediction/baseline/tuning_records/logreg_high_pain_grid/runs/os_3.0_lw_8.5/train.log,5,0.7595545536495975,0.910820895522388,0.3078696913232017,0.32408963585434175,0.8614021052686871,0.13859789473131276,0.30917196495619526,0.7512651012812709,0.25499814343857663,2,0.703611110281297,0.8908582089552239,0.2378378378378378,0.23459383753501395,0.9304084212189438,0.06959157878105615,0.22899999999999998,1.4307918579526722,0.5022031681322733
32,ok,3.0,9.0,13.401904106140137,/home/maolab-data/disk1/jlli/pain_prediction/baseline/tuning_records/logreg_high_pain_grid/runs/os_3.0_lw_9.0,/home/maolab-data/disk1/jlli/pain_prediction/baseline/tuning_records/logreg_high_pain_grid/runs/os_3.0_lw_9.0/train.log,5,0.7594960882679477,0.9111940298507463,0.3343462777997882,0.3280112044817927,0.8613144171539817,0.1386855828460183,0.31812567481223064,0.7608412968613161,0.25730626376560384,2,0.7034649468271726,0.8917910447761195,0.304029304029304,0.2443977591036414,0.93018920093218,0.06981079906782,0.25138427464008856,1.454732346902785,0.5079734689498413
33,ok,3.0,9.5,12.299391984939575,/home/maolab-data/disk1/jlli/pain_prediction/baseline/tuning_records/logreg_high_pain_grid/runs/os_3.0_lw_9.5,/home/maolab-data/disk1/jlli/pain_prediction/baseline/tuning_records/logreg_high_pain_grid/runs/os_3.0_lw_9.5/train.log,5,0.7594991984111636,0.901865671641791,0.321663127616638,0.3476190476190476,0.8489725125049314,0.15102748749506836,0.3187431863728154,0.7699052640667639,0.2594352039005377,2,0.7034727221852125,0.8684701492537312,0.27232142857142855,0.29341736694677867,0.8993344393095548,0.1006655606904451,0.2529280535415504,1.4773922649164044,0.5132958192871759
34,ok,3.0,10.0,12.526015758514404,/home/maolab-data/disk1/jlli/pain_prediction/baseline/tuning_records/logreg_high_pain_grid/runs/os_3.0_lw_10.0,/home/maolab-data/disk1/jlli/pain_prediction/baseline/tuning_records/logreg_high_pain_grid/runs/os_3.0_lw_10.0/train.log,5,0.7563824399172696,0.9041044776119402,0.3454268638803743,0.3397759103641457,0.8522130228339595,0.14778697716604045,0.32144293269813073,0.7894481460189897,0.2646592211172829,2,0.6956808259504774,0.8740671641791045,0.3317307692307692,0.2738095238095237,0.9074357151321246,0.0925642848678753,0.2596774193548387,1.5262494697969693,0.526355862329039
35,ok,3.5,2.0,11.509271621704102,/home/maolab-data/disk1/jlli/pain_prediction/baseline/tuning_records/logreg_high_pain_grid/runs/os_3.5_lw_2.0,/home/maolab-data/disk1/jlli/pain_prediction/baseline/tuning_records/logreg_high_pain_grid/runs/os_3.5_lw_2.0/train.log,5,0.7595377283390727,0.9171641791044776,0.32977159322510363,0.2980392156862745,0.8699449815968461,0.13005501840315384,0.29777246620932807,0.5081586187425419,0.1736633038257386,2,0.7035690470049852,0.9067164179104478,0.29259259259259257,0.1694677871148459,0.9517656120393412,0.0482343879606588,0.200501253132832,0.8230256516058496,0.2988660691001782
36,ok,3.5,2.5,13.27442479133606,/home/maolab-data/disk1/jlli/pain_prediction/baseline/tuning_records/logreg_high_pain_grid/runs/os_3.5_lw_2.5,/home/maolab-data/disk1/jlli/pain_prediction/baseline/tuning_records/logreg_high_pain_grid/runs/os_3.5_lw_2.5/train.log,5,0.7595713158942512,0.9175373134328357,0.3261960946496051,0.3123249299719888,0.8700034403399831,0.1299965596600168,0.31095237095796047,0.5479027455853762,0.18827912258762095,2,0.7036530158929315,0.9076492537313432,0.28365384615384615,0.2051820728291316,0.9519117588971836,0.048088241102816245,0.23345101500441306,0.9223859687129353,0.33540561600488406
37,ok,3.5,3.0,12.471842050552368,/home/maolab-data/disk1/jlli/pain_prediction/baseline/tuning_records/logreg_high_pain_grid/runs/os_3.5_lw_3.0,/home/maolab-data/disk1/jlli/pain_prediction/baseline/tuning_records/logreg_high_pain_grid/runs/os_3.5_lw_3.0/train.log,5,0.7597050387755118,0.9007462686567165,0.2745527380062484,0.3630252100840336,0.8506709759879666,0.14932902401203324,0.2955978168950906,0.5812143964285885,0.19980625742186806,2,0.7039873230960829,0.8656716417910448,0.1545454545454545,0.33193277310924363,0.9035805980171425,0.0964194019828573,0.1950646298472385,1.0056650958209663,0.36422345309050186
38,ok,3.5,3.5,12.800220727920532,/home/maolab-data/disk1/jlli/pain_prediction/baseline/tuning_records/logreg_high_pain_grid/runs/os_3.5_lw_3.5,/home/maolab-data/disk1/jlli/pain_prediction/baseline/tuning_records/logreg_high_pain_grid/runs/os_3.5_lw_3.5/train.log,5,0.7583901751123074,0.8597014925373134,0.26466199382978994,0.41232492997198883,0.8080221629374472,0.19197783706255264,0.27819052165722613,0.6133840734517384,0.21068674895981115,2,0.7007001639380719,0.7630597014925373,0.12981859410430835,0.45518207282913165,0.796958565390844,0.20304143460915586,0.1515463917525773,1.086089288378841,0.3914246819353596
39,ok,3.5,4.0,12.568078756332397,/home/maolab-data/disk1/jlli/pain_prediction/baseline/tuning_records/logreg_high_pain_grid/runs/os_3.5_lw_4.0,/home/maolab-data/disk1/jlli/pain_prediction/baseline/tuning_records/logreg_high_pain_grid/runs/os_3.5_lw_4.0/train.log,5,0.7547378911154049,0.8511194029850746,0.26176413584556524,0.4226890756302521,0.7992391317726172,0.20076086822738262,0.2743979830346595,0.6160642980482849,0.2154459636491725,2,0.6915694539458157,0.7416044776119404,0.1225739491437467,0.48109243697478987,0.7750009874787691,0.22499901252123078,0.14206504519616064,1.092789849870207,0.403322718658763
40,ok,3.5,4.5,12.903791427612305,/home/maolab-data/disk1/jlli/pain_prediction/baseline/tuning_records/logreg_high_pain_grid/runs/os_3.5_lw_4.5,/home/maolab-data/disk1/jlli/pain_prediction/baseline/tuning_records/logreg_high_pain_grid/runs/os_3.5_lw_4.5/train.log,5,0.7545102465559814,0.8488805970149252,0.25957551479373103,0.41232492997198883,0.7967649049684937,0.20323509503150633,0.2740158269046443,0.63531293956631,0.22125193933200013,2,0.6910003425472571,0.7360074626865671,0.11710239651416114,0.45518207282913165,0.76881542046846,0.23118457953154004,0.1411096548711227,1.1409114536652698,0.4178376578658321
41,ok,3.5,5.0,12.555121421813965,/home/maolab-data/disk1/jlli/pain_prediction/baseline/tuning_records/logreg_high_pain_grid/runs/os_3.5_lw_5.0,/home/maolab-data/disk1/jlli/pain_prediction/baseline/tuning_records/logreg_high_pain_grid/runs/os_3.5_lw_5.0/train.log,5,0.7542571001498897,0.8541044776119403,0.2611433414861392,0.3941176470588236,0.8030997787687069,0.19690022123129303,0.2719930593257432,0.6510902063159769,0.2260710609191356,2,0.6903674765320276,0.7490671641791045,0.1210219632451815,0.4096638655462185,0.7846526049689933,0.2153473950310068,0.1360527359238699,1.1803546205394373,0.4298854618336708
42,ok,3.5,5.5,12.63786005973816,/home/maolab-data/disk1/jlli/pain_prediction/baseline/tuning_records/logreg_high_pain_grid/runs/os_3.5_lw_5.5,/home/maolab-data/disk1/jlli/pain_prediction/baseline/tuning_records/logreg_high_pain_grid/runs/os_3.5_lw_5.5/train.log,5,0.7541824633512195,0.8522388059701493,0.2601233376194012,0.3941176470588236,0.8011548405848778,0.1988451594151221,0.27128779090921795,0.6654519526401351,0.23028497801576758,2,0.6901808845353522,0.7444029850746269,0.11847195357833651,0.4096638655462185,0.7797902595094206,0.22020974049057945,0.1342895648825568,1.2162589863498328,0.4404202545752508
43,ok,3.5,6.0,12.468877077102661,/home/maolab-data/disk1/jlli/pain_prediction/baseline/tuning_records/logreg_high_pain_grid/runs/os_3.5_lw_6.0,/home/maolab-data/disk1/jlli/pain_prediction/baseline/tuning_records/logreg_high_pain_grid/runs/os_3.5_lw_6.0/train.log,5,0.753870851563478,0.8511194029850746,0.26028700374051417,0.39803921568627454,0.7995053560487954,0.2004946439512046,0.2733880484879776,0.6772321013029833,0.23360234225860524,2,0.6894018550659984,0.7416044776119404,0.11888111888111885,0.41946778711484595,0.7756665481692143,0.22433345183078562,0.13954020882945595,1.2457093580069531,0.4487136651823449
44,ok,3.5,6.5,12.715869426727295,/home/maolab-data/disk1/jlli/pain_prediction/baseline/tuning_records/logreg_high_pain_grid/runs/os_3.5_lw_6.5,/home/maolab-data/disk1/jlli/pain_prediction/baseline/tuning_records/logreg_high_pain_grid/runs/os_3.5_lw_6.5/train.log,5,0.7574373062292405,0.9182835820895521,0.3376645281768621,0.3123249299719888,0.870798953236456,0.1292010467635441,0.3139305083735622,0.700777604307831,0.2412008806767388,2,0.6983179917304047,0.9095149253731343,0.31232492997198874,0.2051820728291316,0.9539005411383656,0.04609945886163445,0.24089635854341734,1.3045731155190723,0.4677100112276788
45,ok,3.5,7.0,12.743162870407104,/home/maolab-data/disk1/jlli/pain_prediction/baseline/tuning_records/logreg_high_pain_grid/runs/os_3.5_lw_7.0,/home/maolab-data/disk1/jlli/pain_prediction/baseline/tuning_records/logreg_high_pain_grid/runs/os_3.5_lw_7.0/train.log,5,0.7573676449958646,0.916044776119403,0.33353656120059794,0.3123249299719888,0.8683247264323322,0.13167527356766778,0.31175185913608944,0.7125609487461192,0.24435285162507694,2,0.6981438386469649,0.9039179104477613,0.3020050125313283,0.2051820728291316,0.9477149741280564,0.0522850258719437,0.23544973544973546,1.334031476614793,0.47558993859852416
46,ok,3.5,7.5,12.62922739982605,/home/maolab-data/disk1/jlli/pain_prediction/baseline/tuning_records/logreg_high_pain_grid/runs/os_3.5_lw_7.5,/home/maolab-data/disk1/jlli/pain_prediction/baseline/tuning_records/logreg_high_pain_grid/runs/os_3.5_lw_7.5/train.log,5,0.7573514735788442,0.9145522388059701,0.3353719188254292,0.3201680672268908,0.8658504996282085,0.13414950037179152,0.31609413244387996,0.7235572556364446,0.2472036240936394,2,0.6981034101044139,0.9001865671641791,0.30659340659340656,0.22478991596638648,0.9415294071177471,0.058470592882253,0.2463054187192118,1.3615222438406063,0.4827168697699303
47,ok,3.5,8.0,12.567450284957886,/home/maolab-data/disk1/jlli/pain_prediction/baseline/tuning_records/logreg_high_pain_grid/runs/os_3.5_lw_8.0,/home/maolab-data/disk1/jlli/pain_prediction/baseline/tuning_records/logreg_high_pain_grid/runs/os_3.5_lw_8.0/train.log,5,0.757259420642016,0.9126865671641792,0.3327345561880666,0.3201680672268908,0.8637886439581054,0.1362113560418946,0.3143842435866557,0.7338654797996678,0.24979748288158282,2,0.6978732777623432,0.8955223880597015,0.29999999999999993,0.22478991596638648,0.9363747679424893,0.06362523205751071,0.24203069657615112,1.3872928042486643,0.48920151673978873
48,ok,3.5,8.5,12.523186922073364,/home/maolab-data/disk1/jlli/pain_prediction/baseline/tuning_records/logreg_high_pain_grid/runs/os_3.5_lw_8.5,/home/maolab-data/disk1/jlli/pain_prediction/baseline/tuning_records/logreg_high_pain_grid/runs/os_3.5_lw_8.5/train.log,5,0.7586209430919724,0.9029850746268657,0.33178217523568565,0.34369747899159664,0.8505927676694455,0.1494072323305544,0.3199978409669769,0.7563912126700201,0.25618379146851344,2,0.7012770838872342,0.871268656716418,0.29761904761904756,0.2836134453781512,0.9033850772208398,0.0966149227791602,0.25606469002695414,1.443607136424545,0.5051672882071153
49,ok,3.5,9.0,12.960356950759888,/home/maolab-data/disk1/jlli/pain_prediction/baseline/tuning_records/logreg_high_pain_grid/runs/os_3.5_lw_9.0,/home/maolab-data/disk1/jlli/pain_prediction/baseline/tuning_records/logreg_high_pain_grid/runs/os_3.5_lw_9.0/train.log,5,0.7584853514693771,0.903731343283582,0.33241110605329566,0.34369747899159664,0.8514175099374868,0.14858249006251317,0.32057469471051736,0.765799780754527,0.2584216367372046,2,0.7009381048307461,0.8731343283582089,0.29919137466307266,0.2836134453781512,0.9054469328909429,0.0945530671090571,0.25750682438580524,1.4671285566358125,0.5107619013788431
50,ok,3.5,9.5,12.434684038162231,/home/maolab-data/disk1/jlli/pain_prediction/baseline/tuning_records/logreg_high_pain_grid/runs/os_3.5_lw_9.5,/home/maolab-data/disk1/jlli/pain_prediction/baseline/tuning_records/logreg_high_pain_grid/runs/os_3.5_lw_9.5/train.log,5,0.7584772657608669,0.9044776119402984,0.33178217523568565,0.3397759103641457,0.8526546233395486,0.14734537666045128,0.3191592665434968,0.7747062899770207,0.26048623346771865,2,0.7009178905594706,0.875,0.29761904761904756,0.2738095238095237,0.9085397163960975,0.09146028360390245,0.25396825396825395,1.4893948296920467,0.5159233932051284
51,ok,3.5,10.0,12.712156772613525,/home/maolab-data/disk1/jlli/pain_prediction/baseline/tuning_records/logreg_high_pain_grid/runs/os_3.5_lw_10.0,/home/maolab-data/disk1/jlli/pain_prediction/baseline/tuning_records/logreg_high_pain_grid/runs/os_3.5_lw_10.0/train.log,5,0.7583447842814877,0.9033582089552239,0.3320937017154364,0.34369747899159664,0.8510051388034661,0.14899486119653377,0.320284442352217,0.7831620852548418,0.2623983723613366,2,0.7005866868610224,0.8722014925373134,0.2983978638184245,0.2836134453781512,0.9044160050558914,0.09558399494410864,0.25678119349005424,1.5105343178865993,0.5207037404391732
52,ok,4.0,2.0,11.3423593044281,/home/maolab-data/disk1/jlli/pain_prediction/baseline/tuning_records/logreg_high_pain_grid/runs/os_4.0_lw_2.0,/home/maolab-data/disk1/jlli/pain_prediction/baseline/tuning_records/logreg_high_pain_grid/runs/os_4.0_lw_2.0/train.log,5,0.7593094697172214,0.9138059701492537,0.29133104741613675,0.3162464985994398,0.8656719634667359,0.13432803653326403,0.29969201604176354,0.5161570432380574,0.17617052252365578,2,0.7029984004503567,0.898320895522388,0.1964912280701754,0.21498599439775906,0.9410830667140656,0.058916933285934295,0.2053001277139208,0.8430217128446384,0.30513411584497113
53,ok,4.0,2.5,11.212508201599121,/home/maolab-data/disk1/jlli/pain_prediction/baseline/tuning_records/logreg_high_pain_grid/runs/os_4.0_lw_2.5,/home/maolab-data/disk1/jlli/pain_prediction/baseline/tuning_records/logreg_high_pain_grid/runs/os_4.0_lw_2.5/train.log,5,0.7589431233919866,0.867910447761194,0.26274612758357685,0.4019607843137255,0.8162174467388456,0.1837825532611544,0.2800248270038116,0.5561883003608491,0.19085364192312618,2,0.70208253463727,0.7835820895522387,0.1250289284887757,0.4292717086834734,0.8174467748943398,0.1825532251056602,0.15613215511904086,0.9430998556516176,0.34184191434364714
54,ok,4.0,3.0,11.996966123580933,/home/maolab-data/disk1/jlli/pain_prediction/baseline/tuning_records/logreg_high_pain_grid/runs/os_4.0_lw_3.0,/home/maolab-data/disk1/jlli/pain_prediction/baseline/tuning_records/logreg_high_pain_grid/runs/os_4.0_lw_3.0/train.log,5,0.7500568301615769,0.8611940298507463,0.26313918046552326,0.39803921568627454,0.8099086423781392,0.19009135762186063,0.2764272622506306,0.559111973061912,0.19423211750968494,2,0.6798668015612455,0.7667910447761194,0.1260115606936416,0.41946778711484595,0.8016747639925741,0.1983252360074258,0.14713824323608832,0.9504090374042748,0.35028810331004406
55,ok,4.0,3.5,11.881344556808472,/home/maolab-data/disk1/jlli/pain_prediction/baseline/tuning_records/logreg_high_pain_grid/runs/os_4.0_lw_3.5,/home/maolab-data/disk1/jlli/pain_prediction/baseline/tuning_records/logreg_high_pain_grid/runs/os_4.0_lw_3.5/train.log,5,0.7555259323657955,0.8656716417910447,0.26429592147492204,0.41232492997198883,0.8140939723935439,0.18590602760645597,0.2795149239579778,0.5922977681285978,0.20686102158783362,2,0.6935395570717919,0.7779850746268657,0.12890341321713863,0.45518207282913165,0.8121380890310859,0.18786191096891414,0.1548573975044563,1.0333735250709895,0.38186036350541575
56,ok,4.0,4.0,12.009896516799927,/home/maolab-data/disk1/jlli/pain_prediction/baseline/tuning_records/logreg_high_pain_grid/runs/os_4.0_lw_4.0,/home/maolab-data/disk1/jlli/pain_prediction/baseline/tuning_records/logreg_high_pain_grid/runs/os_4.0_lw_4.0/train.log,5,0.7548691245543903,0.866044776119403,0.2605600503939289,0.40448179271708684,0.8153603151671744,0.18463968483282558,0.2735041683460257,0.6099003536664311,0.21286412252958492,2,0.691897537543279,0.7789179104477613,0.1195637355146557,0.43557422969187676,0.8153039459651618,0.1846960540348382,0.1398305084745762,1.0773799889155726,0.39686811585979404
57,ok,4.0,4.5,12.277287721633911,/home/maolab-data/disk1/jlli/pain_prediction/baseline/tuning_records/logreg_high_pain_grid/runs/os_4.0_lw_4.5,/home/maolab-data/disk1/jlli/pain_prediction/baseline/tuning_records/logreg_high_pain_grid/runs/os_4.0_lw_4.5/train.log,5,0.7546477002813987,0.8656716417910447,0.26250449483837335,0.4084033613445378,0.814535572899133,0.1854644271008668,0.2765344713763288,0.6262596803158968,0.21805442174905276,2,0.6913439768608001,0.7779850746268657,0.12442484662576685,0.4453781512605042,0.8132420902950586,0.1867579097049413,0.1474062660503338,1.1182783055392371,0.4098438639084637
58,ok,4.0,5.0,12.61650276184082,/home/maolab-data/disk1/jlli/pain_prediction/baseline/tuning_records/logreg_high_pain_grid/runs/os_4.0_lw_5.0,/home/maolab-data/disk1/jlli/pain_prediction/baseline/tuning_records/logreg_high_pain_grid/runs/os_4.0_lw_5.0/train.log,5,0.7570261665393321,0.8507462686567164,0.26009819255170297,0.42661064425770306,0.7982682426467335,0.20173175735326643,0.2758685616763504,0.6531126861470625,0.2275030110673942,2,0.6972901425056336,0.7406716417910448,0.1184090909090909,0.49089635854341734,0.7725737646640598,0.22742623533594025,0.14574149180038784,1.1854108201171512,0.43346533720431735
59,ok,4.0,5.5,12.358205795288086,/home/maolab-data/disk1/jlli/pain_prediction/baseline/tuning_records/logreg_high_pain_grid/runs/os_4.0_lw_5.5,/home/maolab-data/disk1/jlli/pain_prediction/baseline/tuning_records/logreg_high_pain_grid/runs/os_4.0_lw_5.5/train.log,5,0.7569565053059562,0.8514925373134329,0.26357199461171193,0.42661064425770306,0.7991806730294803,0.20081932697051968,0.27745242304808737,0.6673383213088216,0.23169533525479688,2,0.6971159894221938,0.7425373134328358,0.1270935960591133,0.49089635854341734,0.7748548406209266,0.22514515937907334,0.1497011452297303,1.220974908021549,0.44394614767282403
60,ok,4.0,6.0,12.210723400115967,/home/maolab-data/disk1/jlli/pain_prediction/baseline/tuning_records/logreg_high_pain_grid/runs/os_4.0_lw_6.0,/home/maolab-data/disk1/jlli/pain_prediction/baseline/tuning_records/logreg_high_pain_grid/runs/os_4.0_lw_6.0/train.log,5,0.7567381911761805,0.9186567164179105,0.3384488419023523,0.3123249299719888,0.8712113243704765,0.12878867562952348,0.314318782495092,0.6803967013688466,0.23540029463116524,2,0.6965702040977547,0.9104477611940298,0.3142857142857143,0.2051820728291316,0.9549314689734172,0.0450685310265829,0.24186704384724184,1.2536208581716113,0.45320854611374495
61,ok,4.0,6.5,12.007161855697632,/home/maolab-data/disk1/jlli/pain_prediction/baseline/tuning_records/logreg_high_pain_grid/runs/os_4.0_lw_6.5,/home/maolab-data/disk1/jlli/pain_prediction/baseline/tuning_records/logreg_high_pain_grid/runs/os_4.0_lw_6.5/train.log,5,0.7584729042580005,0.9182835820895521,0.31940122285473327,0.2980392156862745,0.8712113243704765,0.12878867562952348,0.29717592535223486,0.7050117790592083,0.24338222725772446,2,0.7009069868023048,0.9095149253731343,0.26666666666666666,0.1694677871148459,0.9549314689734172,0.0450685310265829,0.19900990099009902,1.3151585523975156,0.47316337768014294
62,ok,4.0,7.0,11.928523302078247,/home/maolab-data/disk1/jlli/pain_prediction/baseline/tuning_records/logreg_high_pain_grid/runs/os_4.0_lw_7.0,/home/maolab-data/disk1/jlli/pain_prediction/baseline/tuning_records/logreg_high_pain_grid/runs/os_4.0_lw_7.0/train.log,5,0.7582900431054818,0.916044776119403,0.315115508569019,0.2980392156862745,0.8687370975663529,0.1312629024336472,0.2949551425262887,0.7167058963811425,0.24649783623519653,2,0.7004498339210077,0.9039179104477612,0.25595238095238093,0.1694677871148459,0.9487459019631078,0.05125409803689215,0.1934579439252336,1.344393845702351,0.4809524001238231
63,ok,4.0,7.5,12.105199098587036,/home/maolab-data/disk1/jlli/pain_prediction/baseline/tuning_records/logreg_high_pain_grid/runs/os_4.0_lw_7.5,/home/maolab-data/disk1/jlli/pain_prediction/baseline/tuning_records/logreg_high_pain_grid/runs/os_4.0_lw_7.5/train.log,5,0.7583143002310123,0.825,0.26100075156865044,0.44873949579831934,0.7705651182639077,0.2294348817360922,0.2773902385553875,0.7276239349112443,0.24931542540879703,2,0.7005104767348342,0.6763059701492538,0.1206654884514595,0.5462184873949579,0.7033159537069953,0.29668404629300466,0.14954568399798074,1.3716889420276057,0.48799637305782434
64,ok,4.0,8.0,12.637045860290527,/home/maolab-data/disk1/jlli/pain_prediction/baseline/tuning_records/logreg_high_pain_grid/runs/os_4.0_lw_8.0,/home/maolab-data/disk1/jlli/pain_prediction/baseline/tuning_records/logreg_high_pain_grid/runs/os_4.0_lw_8.0/train.log,5,0.7572824396849216,0.9111940298507463,0.3343462777997882,0.3280112044817927,0.8613144171539817,0.1386855828460183,0.31812567481223064,0.736262207881641,0.25132763798735885,2,0.6979308253696075,0.8917910447761195,0.304029304029304,0.2443977591036414,0.93018920093218,0.06981079906782,0.25138427464008856,1.3932846244535975,0.4930269045042288
65,ok,4.0,8.5,12.582255840301514,/home/maolab-data/disk1/jlli/pain_prediction/baseline/tuning_records/logreg_high_pain_grid/runs/os_4.0_lw_8.5,/home/maolab-data/disk1/jlli/pain_prediction/baseline/tuning_records/logreg_high_pain_grid/runs/os_4.0_lw_8.5/train.log,5,0.7573521009182975,0.8097014925373134,0.2555547943583142,0.48011204481792724,0.7503589326968975,0.2496410673031025,0.28187037380475355,0.7458670371643764,0.25366799233965565,2,0.6981049784530473,0.6380597014925373,0.10705059542561901,0.6246498599439776,0.6528004897894695,0.3471995102105304,0.16074602212139585,1.417296697660436,0.4988777903849709
66,ok,4.0,9.0,12.666151523590088,/home/maolab-data/disk1/jlli/pain_prediction/baseline/tuning_records/logreg_high_pain_grid/runs/os_4.0_lw_9.0,/home/maolab-data/disk1/jlli/pain_prediction/baseline/tuning_records/logreg_high_pain_grid/runs/os_4.0_lw_9.0/train.log,5,0.7594979437322569,0.9111940298507463,0.3359488419023523,0.3319327731092437,0.8609020460199611,0.13909795398003894,0.3205163488166096,0.7673409425467395,0.25955475105036313,2,0.7034695854879456,0.8917910447761195,0.30803571428571425,0.25420168067226884,0.9291582730971285,0.07084172690287155,0.25736095965103595,1.4709814611163434,0.5135946871617395
67,ok,4.0,9.5,12.81857705116272,/home/maolab-data/disk1/jlli/pain_prediction/baseline/tuning_records/logreg_high_pain_grid/runs/os_4.0_lw_9.5,/home/maolab-data/disk1/jlli/pain_prediction/baseline/tuning_records/logreg_high_pain_grid/runs/os_4.0_lw_9.5/train.log,5,0.7594301479209593,0.9014925373134328,0.33059169904520946,0.34369747899159664,0.848943283133363,0.15105671686663685,0.31888660124015666,0.7762076817706353,0.26160681154768095,2,0.7033000959597016,0.8675373134328359,0.2946428571428571,0.2836134453781512,0.8992613658806337,0.1007386341193664,0.25328659070990356,1.493148309176083,0.518724838405034
68,ok,4.0,10.0,12.408063411712646,/home/maolab-data/disk1/jlli/pain_prediction/baseline/tuning_records/logreg_high_pain_grid/runs/os_4.0_lw_10.0,/home/maolab-data/disk1/jlli/pain_prediction/baseline/tuning_records/logreg_high_pain_grid/runs/os_4.0_lw_10.0/train.log,5,0.7593542664011514,0.903731343283582,0.3220202704737809,0.34369747899159664,0.8514467393090552,0.14855326069094463,0.3182712656554959,0.7846290131979975,0.26350740537882145,2,0.703110392160182,0.8731343283582089,0.2732142857142857,0.2836134453781512,0.9055200063198641,0.0944799936801358,0.2517482517482517,1.5142016377444887,0.5234763229828853
69,ok,4.5,2.0,11.739115238189697,/home/maolab-data/disk1/jlli/pain_prediction/baseline/tuning_records/logreg_high_pain_grid/runs/os_4.5_lw_2.0,/home/maolab-data/disk1/jlli/pain_prediction/baseline/tuning_records/logreg_high_pain_grid/runs/os_4.5_lw_2.0/train.log,5,0.7623553156180891,0.8671641791044775,0.2902901117436222,0.3946778711484594,0.8057904609190407,0.19420953908095925,0.30865334734192545,0.5182405989509047,0.1766688937135859,2,0.7106130152025261,0.7817164179104479,0.19388888888888883,0.41106442577030805,0.7913793103448277,0.20862068965517241,0.2277034559643255,0.8482306021267567,0.3063800438197965
70,ok,4.5,2.5,11.138102769851685,/home/maolab-data/disk1/jlli/pain_prediction/baseline/tuning_records/logreg_high_pain_grid/runs/os_4.5_lw_2.5,/home/maolab-data/disk1/jlli/pain_prediction/baseline/tuning_records/logreg_high_pain_grid/runs/os_4.5_lw_2.5/train.log,5,0.7457452522302502,0.8529850746268656,0.26505548455941513,0.4019607843137255,0.8010963818417409,0.1989036181582591,0.27785207700101316,0.5372501768392108,0.1864607594120792,2,0.669087856732929,0.7462686567164178,0.1308023209283713,0.4292717086834734,0.779644112651578,0.22035588734842199,0.1507002801120448,0.895754546847522,0.3308597080660297
71,ok,4.5,3.0,11.312342166900635,/home/maolab-data/disk1/jlli/pain_prediction/baseline/tuning_records/logreg_high_pain_grid/runs/os_4.5_lw_3.0,/home/maolab-data/disk1/jlli/pain_prediction/baseline/tuning_records/logreg_high_pain_grid/runs/os_4.5_lw_3.0/train.log,5,0.7455281828216123,0.8555970149253731,0.2653956206138369,0.4019607843137255,0.8037783741789056,0.19622162582109437,0.27844321000593925,0.5589685955274771,0.19439055842946207,2,0.668545183211334,0.7527985074626866,0.13165266106442575,0.4292717086834734,0.7863490934944899,0.21365090650551014,0.15217811262436004,0.9500505935681878,0.3506842056094869
72,ok,4.5,3.5,11.205863952636719,/home/maolab-data/disk1/jlli/pain_prediction/baseline/tuning_records/logreg_high_pain_grid/runs/os_4.5_lw_3.5,/home/maolab-data/disk1/jlli/pain_prediction/baseline/tuning_records/logreg_high_pain_grid/runs/os_4.5_lw_3.5/train.log,5,0.7539927578920718,0.8597014925373134,0.26466199382978994,0.41232492997198883,0.8080221629374472,0.19197783706255264,0.27819052165722613,0.591633832419675,0.20689781487692543,2,0.6897066208874828,0.7630597014925373,0.12981859410430835,0.45518207282913165,0.796958565390844,0.20304143460915586,0.1515463917525773,1.0317136857986826,0.38195234672814526
73,ok,4.5,4.0,11.223242998123169,/home/maolab-data/disk1/jlli/pain_prediction/baseline/tuning_records/logreg_high_pain_grid/runs/os_4.5_lw_4.0,/home/maolab-data/disk1/jlli/pain_prediction/baseline/tuning_records/logreg_high_pain_grid/runs/os_4.5_lw_4.0/train.log,5,0.7536432070040545,0.8619402985074627,0.268163127616638,0.4162464985994398,0.8099378717497079,0.19006212825029214,0.28230034255585995,0.6099336401536262,0.21299942573182942,2,0.6888327436674397,0.7686567164179104,0.13857142857142854,0.4649859943977591,0.8017478374214954,0.19825216257850456,0.1618209439991618,1.0774632051335604,0.3972063738654053
74,ok,4.5,4.5,12.484775304794312,/home/maolab-data/disk1/jlli/pain_prediction/baseline/tuning_records/logreg_high_pain_grid/runs/os_4.5_lw_4.5,/home/maolab-data/disk1/jlli/pain_prediction/baseline/tuning_records/logreg_high_pain_grid/runs/os_4.5_lw_4.5/train.log,5,0.7548268305897609,0.8574626865671642,0.2590176848241364,0.4084033613445378,0.8060187660104811,0.19398123398951872,0.2732742458685602,0.6259281636644116,0.2178407674480775,2,0.6917918026317056,0.7574626865671642,0.11570782159017451,0.4453781512605042,0.7919500730734288,0.20804992692657104,0.13925570228091236,1.1174495139105238,0.40930972815602557
75,ok,4.5,5.0,12.490673542022705,/home/maolab-data/disk1/jlli/pain_prediction/baseline/tuning_records/logreg_high_pain_grid/runs/os_4.5_lw_5.0,/home/maolab-data/disk1/jlli/pain_prediction/baseline/tuning_records/logreg_high_pain_grid/runs/os_4.5_lw_5.0/train.log,5,0.75401825973874,0.8641791044776118,0.26626839077453274,0.40448179271708684,0.8136492119558933,0.18635078804410654,0.2746910422999917,0.6416367930618648,0.22261845601154,2,0.6897703755041535,0.7742537313432836,0.13383458646616533,0.43557422969187676,0.8110261879369594,0.1889738120630406,0.1427976933594911,1.156721087404157,0.4212539495646819
76,ok,4.5,5.5,12.447656631469727,/home/maolab-data/disk1/jlli/pain_prediction/baseline/tuning_records/logreg_high_pain_grid/runs/os_4.5_lw_5.5,/home/maolab-data/disk1/jlli/pain_prediction/baseline/tuning_records/logreg_high_pain_grid/runs/os_4.5_lw_5.5/train.log,5,0.7541712708187498,0.8526119402985074,0.26099608302102195,0.42661064425770306,0.8002131808305626,0.19978681916943736,0.27661958400381426,0.6684979774413181,0.23189863061948865,2,0.6901529032041778,0.7453358208955223,0.12065381708238845,0.49089635854341734,0.7774361101236325,0.2225638898763676,0.14761904761904754,1.2238740483527901,0.4444543860845534
77,ok,4.5,6.0,12.707342386245728,/home/maolab-data/disk1/jlli/pain_prediction/baseline/tuning_records/logreg_high_pain_grid/runs/os_4.5_lw_6.0,/home/maolab-data/disk1/jlli/pain_prediction/baseline/tuning_records/logreg_high_pain_grid/runs/os_4.5_lw_6.0/train.log,5,0.753892001865049,0.8529850746268656,0.2610536445071549,0.42661064425770306,0.8005963225930147,0.19940367740698522,0.2767198346303807,0.6815870838514198,0.2356036350033512,2,0.689454730819926,0.7462686567164178,0.12079772079772075,0.49089635854341734,0.7783939645297626,0.22160603547023733,0.1478696741854636,1.2565968143780442,0.4537168970442098
78,ok,4.5,6.5,12.321168899536133,/home/maolab-data/disk1/jlli/pain_prediction/baseline/tuning_records/logreg_high_pain_grid/runs/os_4.5_lw_6.5,/home/maolab-data/disk1/jlli/pain_prediction/baseline/tuning_records/logreg_high_pain_grid/runs/os_4.5_lw_6.5/train.log,5,0.7537918632197106,0.8552238805970148,0.2634085757959097,0.42661064425770306,0.8029828612824328,0.19701713871756704,0.2781468745316759,0.693680743261478,0.2389063155091858,2,0.6892043842065798,0.7518656716417911,0.1266850490196078,0.49089635854341734,0.784360311253308,0.2156396887466919,0.15143727393870166,1.28683096290319,0.46197359830879636
79,ok,4.5,7.0,12.561892032623291,/home/maolab-data/disk1/jlli/pain_prediction/baseline/tuning_records/logreg_high_pain_grid/runs/os_4.5_lw_7.0,/home/maolab-data/disk1/jlli/pain_prediction/baseline/tuning_records/logreg_high_pain_grid/runs/os_4.5_lw_7.0/train.log,5,0.7566150467649619,0.9171641791044776,0.3377345561880666,0.3162464985994398,0.8691494687003735,0.13085053129962654,0.3158363174261552,0.7190760917354176,0.24699146870353156,2,0.696262343069708,0.9067164179104478,0.31249999999999994,0.21498599439775906,0.9497768297981595,0.0502231702018406,0.24566088117489987,1.350319334088039,0.48218648129466063
80,ok,4.5,7.5,12.466137409210205,/home/maolab-data/disk1/jlli/pain_prediction/baseline/tuning_records/logreg_high_pain_grid/runs/os_4.5_lw_7.5,/home/maolab-data/disk1/jlli/pain_prediction/baseline/tuning_records/logreg_high_pain_grid/runs/os_4.5_lw_7.5/train.log,5,0.7565696426571165,0.8238805970149252,0.2571403602413104,0.4448179271708684,0.7697403759958664,0.2302596240041334,0.2734711487955898,0.7299338651998559,0.24977848482499673,2,0.6961488328000948,0.6735074626865671,0.11101451013310945,0.5364145658263305,0.7012540980368922,0.29874590196310774,0.13974795959848646,1.3774637677491348,0.48915402159832355
81,ok,4.5,8.0,12.387870073318481,/home/maolab-data/disk1/jlli/pain_prediction/baseline/tuning_records/logreg_high_pain_grid/runs/os_4.5_lw_8.0,/home/maolab-data/disk1/jlli/pain_prediction/baseline/tuning_records/logreg_high_pain_grid/runs/os_4.5_lw_8.0/train.log,5,0.7565385445442134,0.8115671641791045,0.25561835149723505,0.47619047619047616,0.7528039301294527,0.24719606987054726,0.28121900842310554,0.7401081038775742,0.2523128739106793,2,0.6960710875178369,0.6427238805970149,0.10720948827292105,0.6148459383753501,0.6589129833708576,0.3410870166291424,0.15911760866727576,1.4028993644434304,0.49548999431252994
82,ok,4.5,8.5,12.51327919960022,/home/maolab-data/disk1/jlli/pain_prediction/baseline/tuning_records/logreg_high_pain_grid/runs/os_4.5_lw_8.5,/home/maolab-data/disk1/jlli/pain_prediction/baseline/tuning_records/logreg_high_pain_grid/runs/os_4.5_lw_8.5/train.log,5,0.7563898916478137,0.8216417910447762,0.2594943271114063,0.4565826330532213,0.7660290357896808,0.233970964210319,0.2793330956982447,0.7496823712092138,0.2546303663548435,2,0.6956994552768376,0.667910447761194,0.11689942730834921,0.5658263305322129,0.6919757475214283,0.3080242524785716,0.15440282685512366,1.4268350327725292,0.5012837254229404
83,ok,4.5,9.0,12.550323486328125,/home/maolab-data/disk1/jlli/pain_prediction/baseline/tuning_records/logreg_high_pain_grid/runs/os_4.5_lw_9.0,/home/maolab-data/disk1/jlli/pain_prediction/baseline/tuning_records/logreg_high_pain_grid/runs/os_4.5_lw_9.0/train.log,5,0.7570560365273794,0.8048507462686567,0.253754113933603,0.47619047619047616,0.7457612315474721,0.25423876845252785,0.27908124663496847,0.7722036459468963,0.26119953075591706,2,0.697364817475752,0.6259328358208955,0.10254889436384095,0.6148459383753501,0.6413062369159064,0.35869376308409373,0.153773204196933,1.4831382196167355,0.5177066364256244
84,ok,4.5,9.5,12.613746404647827,/home/maolab-data/disk1/jlli/pain_prediction/baseline/tuning_records/logreg_high_pain_grid/runs/os_4.5_lw_9.5,/home/maolab-data/disk1/jlli/pain_prediction/baseline/tuning_records/logreg_high_pain_grid/runs/os_4.5_lw_9.5/train.log,5,0.7569689591558454,0.8052238805970149,0.2533579787019485,0.4722689075630252,0.7466444325586504,0.25335556744134957,0.2779053602589157,0.7810236274068295,0.2632295323154275,2,0.697147124046917,0.6268656716417911,0.10155855628470464,0.6050420168067226,0.643514239443852,0.35648576055614806,0.1508334882568011,1.5051881732665686,0.5227816403244004
85,ok,4.5,10.0,12.597633600234985,/home/maolab-data/disk1/jlli/pain_prediction/baseline/tuning_records/logreg_high_pain_grid/runs/os_4.5_lw_10.0,/home/maolab-data/disk1/jlli/pain_prediction/baseline/tuning_records/logreg_high_pain_grid/runs/os_4.5_lw_10.0/train.log,5,0.7568445633849763,0.8074626865671641,0.25308168569407463,0.46834733893557423,0.7494433423820892,0.25055665761791074,0.2769364702519844,0.7893976122254903,0.26510915869743346,2,0.6968361346197443,0.6324626865671642,0.10086782376501999,0.5952380952380952,0.6505115140024489,0.349488485997551,0.14841126323947296,1.5261231353132207,0.5274807062794153
86,ok,5.0,2.0,12.02141547203064,/home/maolab-data/disk1/jlli/pain_prediction/baseline/tuning_records/logreg_high_pain_grid/runs/os_5.0_lw_2.0,/home/maolab-data/disk1/jlli/pain_prediction/baseline/tuning_records/logreg_high_pain_grid/runs/os_5.0_lw_2.0/train.log,5,0.7604800353483796,0.8675373134328359,0.2954738433326401,0.3985994397759104,0.805761231547472,0.19423876845252777,0.31161513042382116,0.5208287871894464,0.17769345734624958,2,0.7059248145282524,0.7826492537313433,0.2068482178614337,0.4208683473389355,0.7913062369159063,0.20869376308409365,0.2351079136690647,0.8547010727231107,0.3089414529014557
87,ok,5.0,2.5,11.18416142463684,/home/maolab-data/disk1/jlli/pain_prediction/baseline/tuning_records/logreg_high_pain_grid/runs/os_5.0_lw_2.5,/home/maolab-data/disk1/jlli/pain_prediction/baseline/tuning_records/logreg_high_pain_grid/runs/os_5.0_lw_2.5/train.log,5,0.7502577414302198,0.8690298507462686,0.2645766614512245,0.39803921568627454,0.8179546193896335,0.18204538061036638,0.2788626723401867,0.5369254805099855,0.1864412413096367,2,0.680369079732853,0.7863805970149254,0.1296052631578947,0.41946778711484595,0.8217897065213098,0.1782102934786902,0.1532267684599785,0.8949428060244584,0.3308109128099235
88,ok,5.0,3.0,11.396126747131348,/home/maolab-data/disk1/jlli/pain_prediction/baseline/tuning_records/logreg_high_pain_grid/runs/os_5.0_lw_3.0,/home/maolab-data/disk1/jlli/pain_prediction/baseline/tuning_records/logreg_high_pain_grid/runs/os_5.0_lw_3.0/train.log,5,0.7500593328808776,0.8712686567164178,0.2636960946496051,0.39803921568627454,0.8201950112212092,0.17980498877879075,0.2791917265390882,0.5585348986678477,0.1943721073297749,2,0.6798730583594974,0.7919776119402986,0.12740384615384615,0.41946778711484595,0.8273906861002488,0.17260931389975115,0.15404940395723235,0.948966351419114,0.3506380778602689
89,ok,5.0,3.5,11.230078935623169,/home/maolab-data/disk1/jlli/pain_prediction/baseline/tuning_records/logreg_high_pain_grid/runs/os_5.0_lw_3.5,/home/maolab-data/disk1/jlli/pain_prediction/baseline/tuning_records/logreg_high_pain_grid/runs/os_5.0_lw_3.5/train.log,5,0.7542676753006752,0.8552238805970148,0.26177810523161565,0.41232492997198883,0.8033367736733164,0.19666322632668348,0.2761113499100428,0.5915526814059129,0.20709864536068756,2,0.6903939144089914,0.7518656716417911,0.1226088726088726,0.45518207282913165,0.785245092230517,0.21475490776948297,0.14634846238461904,1.0315108082642772,0.3824544229375506
90,ok,5.0,4.0,11.515108108520508,/home/maolab-data/disk1/jlli/pain_prediction/baseline/tuning_records/logreg_high_pain_grid/runs/os_5.0_lw_4.0,/home/maolab-data/disk1/jlli/pain_prediction/baseline/tuning_records/logreg_high_pain_grid/runs/os_5.0_lw_4.0/train.log,5,0.75470865842458,0.853731343283582,0.2597785284161331,0.4084033613445378,0.8022458071290972,0.19775419287090276,0.27280273418696444,0.6099969362048979,0.21292757562154496,2,0.6914963722187536,0.7481343283582089,0.11760993057016621,0.4453781512605042,0.7825176758699688,0.21748232413003118,0.13807692307692304,1.0776214452617396,0.3970267485896941
91,ok,5.0,4.5,12.232013940811157,/home/maolab-data/disk1/jlli/pain_prediction/baseline/tuning_records/logreg_high_pain_grid/runs/os_5.0_lw_4.5,/home/maolab-data/disk1/jlli/pain_prediction/baseline/tuning_records/logreg_high_pain_grid/runs/os_5.0_lw_4.5/train.log,5,0.7545674705357499,0.8555970149253731,0.26183439252194546,0.41232492997198883,0.8037199154357685,0.19628008456423135,0.2762088966105257,0.6254872104346995,0.21793794836856656,2,0.6911434024966783,0.7527985074626866,0.12274959083469719,0.45518207282913165,0.7862029466366472,0.21379705336335264,0.1465923291358262,1.1163471308362436,0.40955268045724824
92,ok,5.0,5.0,11.960395097732544,/home/maolab-data/disk1/jlli/pain_prediction/baseline/tuning_records/logreg_high_pain_grid/runs/os_5.0_lw_5.0,/home/maolab-data/disk1/jlli/pain_prediction/baseline/tuning_records/logreg_high_pain_grid/runs/os_5.0_lw_5.0/train.log,5,0.7564402646824405,0.8473880597014924,0.2638456672991777,0.4408963585434174,0.794582971880055,0.20541702811994494,0.27804549056962613,0.6527311806112387,0.22744143342629672,2,0.6958253878634046,0.732276119402985,0.12777777777777777,0.526610644257703,0.7633605877473635,0.23663941225263654,0.15118381403357725,1.1844570562775916,0.43331139310157357
93,ok,5.0,5.5,12.012186288833618,/home/maolab-data/disk1/jlli/pain_prediction/baseline/tuning_records/logreg_high_pain_grid/runs/os_5.0_lw_5.5,/home/maolab-data/disk1/jlli/pain_prediction/baseline/tuning_records/logreg_high_pain_grid/runs/os_5.0_lw_5.5/train.log,5,0.7564234725644795,0.8473880597014924,0.2638456672991777,0.4408963585434174,0.794582971880055,0.20541702811994494,0.27804549056962613,0.6669773667508814,0.2316244661839792,2,0.695783407568502,0.732276119402985,0.12777777777777777,0.526610644257703,0.7633605877473635,0.23663941225263654,0.15118381403357725,1.2200725216266983,0.44376897499577983
94,ok,5.0,6.0,12.842191457748413,/home/maolab-data/disk1/jlli/pain_prediction/baseline/tuning_records/logreg_high_pain_grid/runs/os_5.0_lw_6.0,/home/maolab-data/disk1/jlli/pain_prediction/baseline/tuning_records/logreg_high_pain_grid/runs/os_5.0_lw_6.0/train.log,5,0.7564433748256565,0.8481343283582088,0.2621952192261665,0.43697478991596644,0.7957908559105483,0.20420914408945162,0.27526735752370257,0.6814184841562815,0.23534702127674811,2,0.6958331632214445,0.7341417910447761,0.1236516575952498,0.5168067226890756,0.7663802978235967,0.2336197021764032,0.14423848141876836,1.2561753151401986,0.45307536272770205
95,ok,5.0,6.5,12.910192012786865,/home/maolab-data/disk1/jlli/pain_prediction/baseline/tuning_records/logreg_high_pain_grid/runs/os_5.0_lw_6.5,/home/maolab-data/disk1/jlli/pain_prediction/baseline/tuning_records/logreg_high_pain_grid/runs/os_5.0_lw_6.5/train.log,5,0.7563768237354964,0.8458955223880598,0.25785961103668437,0.43697478991596644,0.7933166291064246,0.2066833708935753,0.27314804826153616,0.6934247579749717,0.23861433772682195,2,0.6956667854960445,0.728544776119403,0.11281263712154445,0.5168067226890756,0.7601947308132876,0.23980526918671244,0.1389402082633523,1.286190999686924,0.4612436538528867
96,ok,5.0,7.0,12.597177982330322,/home/maolab-data/disk1/jlli/pain_prediction/baseline/tuning_records/logreg_high_pain_grid/runs/os_5.0_lw_7.0,/home/maolab-data/disk1/jlli/pain_prediction/baseline/tuning_records/logreg_high_pain_grid/runs/os_5.0_lw_7.0/train.log,5,0.7562151095652923,0.844776119402985,0.25950874973645366,0.4408963585434174,0.7917256033134791,0.20827439668652073,0.2757343633055095,0.7045848463665007,0.24155151321067084,2,0.6952625000705341,0.7257462686567164,0.1169354838709677,0.526610644257703,0.7562171663309238,0.24378283366907605,0.14540599587328557,1.3140912206657465,0.46858659256250884
97,ok,5.0,7.5,12.819600820541382,/home/maolab-data/disk1/jlli/pain_prediction/baseline/tuning_records/logreg_high_pain_grid/runs/os_5.0_lw_7.5,/home/maolab-data/disk1/jlli/pain_prediction/baseline/tuning_records/logreg_high_pain_grid/runs/os_5.0_lw_7.5/train.log,5,0.7561939625829777,0.8279850746268655,0.2575207527372039,0.4448179271708684,0.7739549353828397,0.22604506461716026,0.27415707687706975,0.7298775684486392,0.24950607560268295,2,0.6952096326147474,0.6837686567164178,0.1119654913728432,0.5364145658263305,0.7117904965043251,0.2882095034956748,0.1414627798021863,1.3773230258710927,0.4884729985425392
98,ok,5.0,8.0,12.691136121749878,/home/maolab-data/disk1/jlli/pain_prediction/baseline/tuning_records/logreg_high_pain_grid/runs/os_5.0_lw_8.0,/home/maolab-data/disk1/jlli/pain_prediction/baseline/tuning_records/logreg_high_pain_grid/runs/os_5.0_lw_8.0/train.log,5,0.7563164929317685,0.8231343283582089,0.2536598749494509,0.4619047619047619,0.7647721728122349,0.23522782718776497,0.2799126426353497,0.7400225211389776,0.25203092616899414,2,0.6955159584867244,0.6716417910447761,0.1023132969034608,0.5791316526610644,0.6888335900778133,0.31116640992218664,0.15585169419788614,1.4026854075969388,0.49478512495831706
99,ok,5.0,8.5,12.577585697174072,/home/maolab-data/disk1/jlli/pain_prediction/baseline/tuning_records/logreg_high_pain_grid/runs/os_5.0_lw_8.5,/home/maolab-data/disk1/jlli/pain_prediction/baseline/tuning_records/logreg_high_pain_grid/runs/os_5.0_lw_8.5/train.log,5,0.7596839117087353,0.8074626865671641,0.252804030257175,0.47619047619047616,0.7482970770267944,0.2517029229732056,0.278463731536395,0.7621161811242309,0.25854534304719645,2,0.7039345054291417,0.6324626865671641,0.100173685172771,0.6148459383753501,0.6476458506142118,0.35235414938578813,0.15222941645049934,1.457919557560072,0.5110711671538228
100,ok,5.0,9.0,12.530766248703003,/home/maolab-data/disk1/jlli/pain_prediction/baseline/tuning_records/logreg_high_pain_grid/runs/os_5.0_lw_9.0,/home/maolab-data/disk1/jlli/pain_prediction/baseline/tuning_records/logreg_high_pain_grid/runs/os_5.0_lw_9.0/train.log,5,0.7595676016463765,0.8100746268656716,0.2548270136089912,0.4722689075630252,0.7517421929568018,0.24825780704319808,0.2795216504907864,0.7713985684902929,0.26073589603040637,2,0.7036437302732446,0.6389925373134329,0.1052311435523114,0.6050420168067226,0.6562586404392305,0.34374135956076945,0.15487421383647795,1.481125525975227,0.5165475496118476
101,ok,5.0,9.5,12.61898946762085,/home/maolab-data/disk1/jlli/pain_prediction/baseline/tuning_records/logreg_high_pain_grid/runs/os_5.0_lw_9.5,/home/maolab-data/disk1/jlli/pain_prediction/baseline/tuning_records/logreg_high_pain_grid/runs/os_5.0_lw_9.5/train.log,5,0.7593045041096962,0.8104477611940298,0.25379934641642554,0.4722689075630252,0.75200841723298,0.24799158276702005,0.27870487483934897,0.7801854156175897,0.2627566724332323,2,0.7029859864315438,0.6399253731343284,0.10266197557089746,0.6050420168067226,0.6569242011296756,0.34307579887032424,0.15283227470788435,1.503092643793469,0.5215994906189125
102,ok,5.0,10.0,12.917681217193604,/home/maolab-data/disk1/jlli/pain_prediction/baseline/tuning_records/logreg_high_pain_grid/runs/os_5.0_lw_10.0,/home/maolab-data/disk1/jlli/pain_prediction/baseline/tuning_records/logreg_high_pain_grid/runs/os_5.0_lw_10.0/train.log,5,0.7587322842275497,0.8067164179104477,0.254312650225177,0.48011204481792724,0.7471768811110066,0.25282311888899345,0.2805394781986274,0.7888159415157107,0.26462152225804475,2,0.7015554367261776,0.6305970149253732,0.103945235092776,0.6246498599439776,0.6448453608247422,0.3551546391752577,0.1574187831060804,1.5246689585387716,0.5262616151809436
